[
  {
    "id": "0",
    "name": "UltraBoost Shoes",
    "category": "Men's Running",
    "imageUrl": [
      "https://d326fntlu7tb1e.cloudfront.net/uploads/710d020f-2da8-4e9e-8cff-0c8f24581488-GV6674.webp",
      "https://d326fntlu7tb1e.cloudfront.net/uploads/710d020f-2da8-4e9e-8cff-0c8f24581488-GV6674.webp"
    ],
    "oldPrice": "1899.00",
    "sizes": [
      { "size": "6.0", "isSelected": false },
      { "size": "6.5", "isSelected": false },
      { "size": "7.0", "isSelected": false },
      { "size": "7.5", "isSelected": false },
      { "size": "8.0", "isSelected": false },
      { "size": "8.5", "isSelected": false },
      { "size": "9.0", "isSelected": false }
    ],
    "price": "79.00",
    "description": "Put some pep in your step with the adidas Originals NMD R1.V2. The modern silhouette teams up with retro details to create a truly stand-out look. Your new favorite sneakers are right here. Regular fit shows off a streamlined silhouette Classic lace closure lets you adjust for your ideal fit.Textile upper provides a snug comfortable feel. Responsive Boost midsole includes plugs for throwback style",
    "title": "Adidas Running Shoes With Cooling Ventilations"
  },
  {
    "id": "1",
    "name": "UltraBoost Shoes",
    "category": "Men's Running",
    "oldPrice": "99.00",
    "imageUrl": [
      "https://d326fntlu7tb1e.cloudfront.net/uploads/d60aca33-909b-4df7-9ad7-b75039438e29-GX1398_a1.webp",
      "https://d326fntlu7tb1e.cloudfront.net/uploads/d60aca33-909b-4df7-9ad7-b75039438e29-GX1398_a1.webp"
    ],
    "sizes": [
      { "size": "6.0", "isSelected": false },
      { "size": "6.5", "isSelected": false },
      { "size": "7.0", "isSelected": false },
      { "size": "7.5", "isSelected": false },
      { "size": "8.0", "isSelected": false },
      { "size": "8.5", "isSelected": false },
      { "size": "9.0", "isSelected": false }
    ],
    "price": "79.00",
    "description": "Put some pep in your step with the adidas Originals NMD R1.V2. The modern silhouette teams up with retro details to create a truly stand-out look. Your new favorite sneakers are right here. Regular fit shows off a streamlined silhouette Classic lace closure lets you adjust for your ideal fit.Textile upper provides a snug comfortable feel. Responsive Boost midsole includes plugs for throwback style",
    "title": "Adidas Running Shoes With Cooling Ventilations"
  },
  {
    "id": "2",
    "name": "UltraBoost Shoes",
    "category": "Men's Running",
    "imageUrl": [
      "https://d326fntlu7tb1e.cloudfront.net/uploads/51ee25c7-46b6-4fd4-bfe0-7dca9a9fd8a9-GX6326_a1.webp",
      "https://d326fntlu7tb1e.cloudfront.net/uploads/51ee25c7-46b6-4fd4-bfe0-7dca9a9fd8a9-GX6326_a1.webp"
    ],
    "sizes": [
      { "size": "6.0", "isSelected": false },
      { "size": "6.5", "isSelected": false },
      { "size": "7.0", "isSelected": false },
      { "size": "7.5", "isSelected": false },
      { "size": "8.0", "isSelected": false },
      { "size": "8.5", "isSelected": false },
      { "size": "9.0", "isSelected": false }
    ],
    "oldPrice": "1349.00",
    "price": "94.00",
    "description": "Put some pep in your step with the adidas Originals NMD R1.V2. The modern silhouette teams up with retro details to create a truly stand-out look. Your new favorite sneakers are right here. Regular fit shows off a streamlined silhouette Classic lace closure lets you adjust for your ideal fit.Textile upper provides a snug comfortable feel. Responsive Boost midsole includes plugs for throwback style",
    "title": "Adidas Running Shoes With Cooling Ventilations"
  },
  {
    "id": "3",
    "name": "UltraBoost Shoes",
    "category": "Men's Running",
    "imageUrl": [
      "https://d326fntlu7tb1e.cloudfront.net/uploads/d60aca33-909b-4df7-9ad7-b75039438e29-GX1398_a1.webp",
      "https://d326fntlu7tb1e.cloudfront.net/uploads/d60aca33-909b-4df7-9ad7-b75039438e29-GX1398_a1.webp"
    ],
    "oldPrice": "999.00",
    "price": "49.00",
    "sizes": [
      { "size": "6.0", "isSelected": false },
      { "size": "6.5", "isSelected": false },
      { "size": "7.0", "isSelected": false },
      { "size": "7.5", "isSelected": false },
      { "size": "8.0", "isSelected": false },
      { "size": "8.5", "isSelected": false },
      { "size": "9.0", "isSelected": false }
    ],
    "description": "Put some pep in your step with the adidas Originals NMD R1.V2. The modern silhouette teams up with retro details to create a truly stand-out look. Your new favorite sneakers are right here. Regular fit shows off a streamlined silhouette Classic lace closure lets you adjust for your ideal fit.Textile upper provides a snug comfortable feel. Responsive Boost midsole includes plugs for throwback style",
    "title": "Adidas Running Shoes With Cooling Ventilations"
  },
  {
    "id": "4",
    "name": "UltraBoost Shoes",
    "category": "Men's Running",
    "imageUrl": [
      "https://d326fntlu7tb1e.cloudfront.net/uploads/c8f87b40-cf3f-492f-8c04-1fde016ee5a8-GX6326_a1.webp",
      "https://d326fntlu7tb1e.cloudfront.net/uploads/c8f87b40-cf3f-492f-8c04-1fde016ee5a8-GX6326_a1.webp"
    ],
    "oldPrice": "849.00",
    "sizes": [
      { "size": "6.0", "isSelected": false },
      { "size": "6.5", "isSelected": false },
      { "size": "7.0", "isSelected": false },
      { "size": "7.5", "isSelected": false },
      { "size": "8.0", "isSelected": false },
      { "size": "8.5", "isSelected": false },
      { "size": "9.0", "isSelected": false }
    ],
    "price": "60.00",
    "description": "Put some pep in your step with the adidas Originals NMD R1.V2. The modern silhouette teams up with retro details to create a truly stand-out look. Your new favorite sneakers are right here. Regular fit shows off a streamlined silhouette Classic lace closure lets you adjust for your ideal fit.Textile upper provides a snug comfortable feel. Responsive Boost midsole includes plugs for throwback style",
    "title": "Adidas Running Shoes With Cooling Ventilations"
  },
  {
    "id": "5",
    "name": "UltraBoost Shoes",
    "category": "Men's Running",
    "imageUrl": [
      "https://d326fntlu7tb1e.cloudfront.net/uploads/d60aca33-909b-4df7-9ad7-b75039438e29-GX1398_a1.webp",
      "https://d326fntlu7tb1e.cloudfront.net/uploads/d60aca33-909b-4df7-9ad7-b75039438e29-GX1398_a1.webp"
    ],
    "oldPrice": "599.00",
    "price": "49.00",
    "sizes": [
      { "size": "6.0", "isSelected": false },
      { "size": "6.5", "isSelected": false },
      { "size": "7.0", "isSelected": false },
      { "size": "7.5", "isSelected": false },
      { "size": "8.0", "isSelected": false },
      { "size": "8.5", "isSelected": false },
      { "size": "9.0", "isSelected": false }
    ],
    "description": "Put some pep in your step with the adidas Originals NMD R1.V2. The modern silhouette teams up with retro details to create a truly stand-out look. Your new favorite sneakers are right here. Regular fit shows off a streamlined silhouette Classic lace closure lets you adjust for your ideal fit.Textile upper provides a snug comfortable feel. Responsive Boost midsole includes plugs for throwback style",
    "title": "Adidas Running Shoes With Cooling Ventilations"
  },
  {
    "id": "6",
    "name": "UltraBoost Shoes",
    "category": "Men's Running",
    "imageUrl": [
      "https://d326fntlu7tb1e.cloudfront.net/uploads/51ee25c7-46b6-4fd4-bfe0-7dca9a9fd8a9-GX6326_a1.webp",
      "https://d326fntlu7tb1e.cloudfront.net/uploads/51ee25c7-46b6-4fd4-bfe0-7dca9a9fd8a9-GX6326_a1.webp"
    ],
    "oldPrice": "2799.00",
    "price": "86.00",
    "sizes": [
      { "size": "6.0", "isSelected": false },
      { "size": "6.5", "isSelected": false },
      { "size": "7.0", "isSelected": false },
      { "size": "7.5", "isSelected": false },
      { "size": "8.0", "isSelected": false },
      { "size": "8.5", "isSelected": false },
      { "size": "9.0", "isSelected": false }
    ],
    "description": "Put some pep in your step with the adidas Originals NMD R1.V2. The modern silhouette teams up with retro details to create a truly stand-out look. Your new favorite sneakers are right here. Regular fit shows off a streamlined silhouette Classic lace closure lets you adjust for your ideal fit.Textile upper provides a snug comfortable feel. Responsive Boost midsole includes plugs for throwback style",
    "title": "Adidas Running Shoes With Cooling Ventilations"
  },
  {
    "id": "7",
    "name": "UltraBoost Shoes",
    "category": "Men's Running",
    "imageUrl": [
      "https://d326fntlu7tb1e.cloudfront.net/uploads/d60aca33-909b-4df7-9ad7-b75039438e29-GX1398_a1.webp",
      "https://d326fntlu7tb1e.cloudfront.net/uploads/d60aca33-909b-4df7-9ad7-b75039438e29-GX1398_a1.webp"
    ],
    "oldPrice": "1049.00",
    "sizes": [
      { "size": "6.0", "isSelected": false },
      { "size": "6.5", "isSelected": false },
      { "size": "7.0", "isSelected": false },
      { "size": "7.5", "isSelected": false },
      { "size": "8.0", "isSelected": false },
      { "size": "8.5", "isSelected": false },
      { "size": "9.0", "isSelected": false }
    ],
    "price": "90.00",
    "description": "Put some pep in your step with the adidas Originals NMD R1.V2. The modern silhouette teams up with retro details to create a truly stand-out look. Your new favorite sneakers are right here. Regular fit shows off a streamlined silhouette Classic lace closure lets you adjust for your ideal fit.Textile upper provides a snug comfortable feel. Responsive Boost midsole includes plugs for throwback style",
    "title": "Adidas Running Shoes With Cooling Ventilations"
  },
  {
    "id": "8",
    "name": "UltraBoost Shoes",
    "category": "Men's Running",
    "imageUrl": [
      "https://d326fntlu7tb1e.cloudfront.net/uploads/51ee25c7-46b6-4fd4-bfe0-7dca9a9fd8a9-GX6326_a1.webp",
      "https://d326fntlu7tb1e.cloudfront.net/uploads/51ee25c7-46b6-4fd4-bfe0-7dca9a9fd8a9-GX6326_a1.webp"
    ],
    "oldPrice": "UltraBoost Shoes",
    "price": "99.00",
    "sizes": [
      { "size": "6.0", "isSelected": false },
      { "size": "6.5", "isSelected": false },
      { "size": "7.0", "isSelected": false },
      { "size": "7.5", "isSelected": false },
      { "size": "8.0", "isSelected": false },
      { "size": "8.5", "isSelected": false },
      { "size": "9.0", "isSelected": false }
    ],
    "description": "Put some pep in your step with the adidas Originals NMD R1.V2. The modern silhouette teams up with retro details to create a truly stand-out look. Your new favorite sneakers are right here. Regular fit shows off a streamlined silhouette Classic lace closure lets you adjust for your ideal fit.Textile upper provides a snug comfortable feel. Responsive Boost midsole includes plugs for throwback style",
    "title": "Adidas Running Shoes With Cooling Ventilations"
  },
  {
    "id": "9",
    "name": "UltraBoost Shoes",
    "category": "Men's Running",
    "imageUrl": [
      "https://d326fntlu7tb1e.cloudfront.net/uploads/51ee25c7-46b6-4fd4-bfe0-7dca9a9fd8a9-GX6326_a1.webp",
      "https://d326fntlu7tb1e.cloudfront.net/uploads/51ee25c7-46b6-4fd4-bfe0-7dca9a9fd8a9-GX6326_a1.webp"
    ],
    "sizes": [
      { "size": "6.0", "isSelected": false },
      { "size": "6.5", "isSelected": false },
      { "size": "7.0", "isSelected": false },
      { "size": "7.5", "isSelected": false },
      { "size": "8.0", "isSelected": false },
      { "size": "8.5", "isSelected": false },
      { "size": "9.0", "isSelected": false }
    ],
    "oldPrice": "1499.00",
    "price": "79.00",
    "description": "Put some pep in your step with the adidas Originals NMD R1.V2. The modern silhouette teams up with retro details to create a truly stand-out look. Your new favorite sneakers are right here. Regular fit shows off a streamlined silhouette Classic lace closure lets you adjust for your ideal fit.Textile upper provides a snug comfortable feel. Responsive Boost midsole includes plugs for throwback style",
    "title": "Adidas Running Shoes With Cooling Ventilations"
  }
]
