[
  {
    "id": "10",
    "name": "Originals NMD R1",
    "category": "Women's Running",
    "imageUrl": [
      "https://d326fntlu7tb1e.cloudfront.net/uploads/3d2b87c6-6450-4751-be73-7b13b2f7e284-GV9439_a1.webp",
      "https://d326fntlu7tb1e.cloudfront.net/uploads/e32f065b-358a-4d26-a91e-5dcb35bb040f-HP9662_a1.webp"
    ],
    "oldPrice": "1899.00",
    "sizes": [
      { "size": "6.0", "isSelected": false },
      { "size": "6.5", "isSelected": false },
      { "size": "7.0", "isSelected": false },
      { "size": "7.5", "isSelected": false },
      { "size": "8.0", "isSelected": false },
      { "size": "8.5", "isSelected": false },
      { "size": "9.0", "isSelected": false }
    ],
    "price": "799.00",
    "description": "Put some pep in your step with the adidas Originals NMD R1.V2. The modern silhouette teams up with retro details to create a truly stand-out look. Your new favorite sneakers are right here. Regular fit shows off a streamlined silhouette Classic lace closure lets you adjust for your ideal fit.Textile upper provides a snug comfortable feel. Responsive Boost midsole includes plugs for throwback style",
    "title": "Adidas Running Shoes With Cooling Ventilations"
  },
  {
    "id": "11",
    "name": "Jeremy Scott Forum 84",
    "category": "Women's Running",
    "oldPrice": "999.00",
    "imageUrl": [
      "https://d326fntlu7tb1e.cloudfront.net/uploads/92a97305-e907-440f-84e7-6f8fba8985dc-GX9668_a1.webp",
      "https://d326fntlu7tb1e.cloudfront.net/uploads/79b72f9f-9dfb-4d1f-b682-76726fc3912f-H03869_a1.webp"
    ],
    "sizes": [
      { "size": "6.0", "isSelected": false },
      { "size": "6.5", "isSelected": false },
      { "size": "7.0", "isSelected": false },
      { "size": "7.5", "isSelected": false },
      { "size": "8.0", "isSelected": false },
      { "size": "8.5", "isSelected": false },
      { "size": "9.0", "isSelected": false }
    ],
    "price": "719.00",
    "description": "Put some pep in your step with the adidas Originals NMD R1.V2. The modern silhouette teams up with retro details to create a truly stand-out look. Your new favorite sneakers are right here. Regular fit shows off a streamlined silhouette Classic lace closure lets you adjust for your ideal fit.Textile upper provides a snug comfortable feel. Responsive Boost midsole includes plugs for throwback style",
    "title": "Adidas Running Shoes With Cooling Ventilations"
  },
  {
    "id": "12",
    "name": "UltraBoost Shoes",
    "category": "Women's Running",
    "imageUrl": [
      "https://d326fntlu7tb1e.cloudfront.net/uploads/51ee25c7-46b6-4fd4-bfe0-7dca9a9fd8a9-GX6326_a1.webp",
      "https://d326fntlu7tb1e.cloudfront.net/uploads/51ee25c7-46b6-4fd4-bfe0-7dca9a9fd8a9-GX6326_a1.webp"
    ],
    "sizes": [
      { "size": "6.0", "isSelected": false },
      { "size": "6.5", "isSelected": false },
      { "size": "7.0", "isSelected": false },
      { "size": "7.5", "isSelected": false },
      { "size": "8.0", "isSelected": false },
      { "size": "8.5", "isSelected": false },
      { "size": "9.0", "isSelected": false }
    ],
    "oldPrice": "1349.00",
    "price": "944.00",
    "description": "Put some pep in your step with the adidas Originals NMD R1.V2. The modern silhouette teams up with retro details to create a truly stand-out look. Your new favorite sneakers are right here. Regular fit shows off a streamlined silhouette Classic lace closure lets you adjust for your ideal fit.Textile upper provides a snug comfortable feel. Responsive Boost midsole includes plugs for throwback style",
    "title": "Adidas Running Shoes With Cooling Ventilations"
  },
  {
    "id": "13",
    "name": "UltraBoost Shoes",
    "category": "Women's Running",
    "imageUrl": [
      "https://d326fntlu7tb1e.cloudfront.net/uploads/d60aca33-909b-4df7-9ad7-b75039438e29-GX1398_a1.webp",
      "https://d326fntlu7tb1e.cloudfront.net/uploads/d60aca33-909b-4df7-9ad7-b75039438e29-GX1398_a1.webp"
    ],
    "oldPrice": "999.00",
    "price": "469.00",
    "sizes": [
      { "size": "6.0", "isSelected": false },
      { "size": "6.5", "isSelected": false },
      { "size": "7.0", "isSelected": false },
      { "size": "7.5", "isSelected": false },
      { "size": "8.0", "isSelected": false },
      { "size": "8.5", "isSelected": false },
      { "size": "9.0", "isSelected": false }
    ],
    "description": "Put some pep in your step with the adidas Originals NMD R1.V2. The modern silhouette teams up with retro details to create a truly stand-out look. Your new favorite sneakers are right here. Regular fit shows off a streamlined silhouette Classic lace closure lets you adjust for your ideal fit.Textile upper provides a snug comfortable feel. Responsive Boost midsole includes plugs for throwback style",
    "title": "Adidas Running Shoes With Cooling Ventilations"
  },
  {
    "id": "14",
    "name": "UltraBoost Shoes",
    "category": "Women's Running",
    "imageUrl": [
      "https://d326fntlu7tb1e.cloudfront.net/uploads/c8f87b40-cf3f-492f-8c04-1fde016ee5a8-GX6326_a1.webp",
      "https://d326fntlu7tb1e.cloudfront.net/uploads/c8f87b40-cf3f-492f-8c04-1fde016ee5a8-GX6326_a1.webp"
    ],
    "oldPrice": "849.00",
    "sizes": [
      { "size": "6.0", "isSelected": false },
      { "size": "6.5", "isSelected": false },
      { "size": "7.0", "isSelected": false },
      { "size": "7.5", "isSelected": false },
      { "size": "8.0", "isSelected": false },
      { "size": "8.5", "isSelected": false },
      { "size": "9.0", "isSelected": false }
    ],
    "price": "760.00",
    "description": "Put some pep in your step with the adidas Originals NMD R1.V2. The modern silhouette teams up with retro details to create a truly stand-out look. Your new favorite sneakers are right here. Regular fit shows off a streamlined silhouette Classic lace closure lets you adjust for your ideal fit.Textile upper provides a snug comfortable feel. Responsive Boost midsole includes plugs for throwback style",
    "title": "Adidas Running Shoes With Cooling Ventilations"
  },
  {
    "id": "15",
    "name": "UltraBoost Shoes",
    "category": "Women's Running",
    "imageUrl": [
      "https://d326fntlu7tb1e.cloudfront.net/uploads/d60aca33-909b-4df7-9ad7-b75039438e29-GX1398_a1.webp",
      "https://d326fntlu7tb1e.cloudfront.net/uploads/d60aca33-909b-4df7-9ad7-b75039438e29-GX1398_a1.webp"
    ],
    "oldPrice": "599.00",
    "price": "449.00",
    "sizes": [
      { "size": "6.0", "isSelected": false },
      { "size": "6.5", "isSelected": false },
      { "size": "7.0", "isSelected": false },
      { "size": "7.5", "isSelected": false },
      { "size": "8.0", "isSelected": false },
      { "size": "8.5", "isSelected": false },
      { "size": "9.0", "isSelected": false }
    ],
    "description": "Put some pep in your step with the adidas Originals NMD R1.V2. The modern silhouette teams up with retro details to create a truly stand-out look. Your new favorite sneakers are right here. Regular fit shows off a streamlined silhouette Classic lace closure lets you adjust for your ideal fit.Textile upper provides a snug comfortable feel. Responsive Boost midsole includes plugs for throwback style",
    "title": "Adidas Running Shoes With Cooling Ventilations"
  },
  {
    "id": "16",
    "name": "UltraBoost Shoes",
    "category": "Women's Running",
    "imageUrl": [
      "https://d326fntlu7tb1e.cloudfront.net/uploads/51ee25c7-46b6-4fd4-bfe0-7dca9a9fd8a9-GX6326_a1.webp",
      "https://d326fntlu7tb1e.cloudfront.net/uploads/51ee25c7-46b6-4fd4-bfe0-7dca9a9fd8a9-GX6326_a1.webp"
    ],
    "oldPrice": "2799.00",
    "price": "1196.00",
    "sizes": [
      { "size": "6.0", "isSelected": false },
      { "size": "6.5", "isSelected": false },
      { "size": "7.0", "isSelected": false },
      { "size": "7.5", "isSelected": false },
      { "size": "8.0", "isSelected": false },
      { "size": "8.5", "isSelected": false },
      { "size": "9.0", "isSelected": false }
    ],
    "description": "Put some pep in your step with the adidas Originals NMD R1.V2. The modern silhouette teams up with retro details to create a truly stand-out look. Your new favorite sneakers are right here. Regular fit shows off a streamlined silhouette Classic lace closure lets you adjust for your ideal fit.Textile upper provides a snug comfortable feel. Responsive Boost midsole includes plugs for throwback style",
    "title": "Adidas Running Shoes With Cooling Ventilations"
  },
  {
    "id": "17",
    "name": "UltraBoost Shoes",
    "category": "Women's Running",
    "imageUrl": [
      "https://d326fntlu7tb1e.cloudfront.net/uploads/d60aca33-909b-4df7-9ad7-b75039438e29-GX1398_a1.webp",
      "https://d326fntlu7tb1e.cloudfront.net/uploads/d60aca33-909b-4df7-9ad7-b75039438e29-GX1398_a1.webp"
    ],
    "oldPrice": "1049.00",
    "sizes": [
      { "size": "6.0", "isSelected": false },
      { "size": "6.5", "isSelected": false },
      { "size": "7.0", "isSelected": false },
      { "size": "7.5", "isSelected": false },
      { "size": "8.0", "isSelected": false },
      { "size": "8.5", "isSelected": false },
      { "size": "9.0", "isSelected": false }
    ],
    "price": "890.00",
    "description": "Put some pep in your step with the adidas Originals NMD R1.V2. The modern silhouette teams up with retro details to create a truly stand-out look. Your new favorite sneakers are right here. Regular fit shows off a streamlined silhouette Classic lace closure lets you adjust for your ideal fit.Textile upper provides a snug comfortable feel. Responsive Boost midsole includes plugs for throwback style",
    "title": "Adidas Running Shoes With Cooling Ventilations"
  },
  {
    "id": "18",
    "name": "UltraBoost Shoes",
    "category": "Women's Running",
    "imageUrl": [
      "https://d326fntlu7tb1e.cloudfront.net/uploads/51ee25c7-46b6-4fd4-bfe0-7dca9a9fd8a9-GX6326_a1.webp",
      "https://d326fntlu7tb1e.cloudfront.net/uploads/51ee25c7-46b6-4fd4-bfe0-7dca9a9fd8a9-GX6326_a1.webp"
    ],
    "oldPrice": "UltraBoost Shoes",
    "price": "999.00",
    "sizes": [
      { "size": "6.0", "isSelected": false },
      { "size": "6.5", "isSelected": false },
      { "size": "7.0", "isSelected": false },
      { "size": "7.5", "isSelected": false },
      { "size": "8.0", "isSelected": false },
      { "size": "8.5", "isSelected": false },
      { "size": "9.0", "isSelected": false }
    ],
    "description": "Put some pep in your step with the adidas Originals NMD R1.V2. The modern silhouette teams up with retro details to create a truly stand-out look. Your new favorite sneakers are right here. Regular fit shows off a streamlined silhouette Classic lace closure lets you adjust for your ideal fit.Textile upper provides a snug comfortable feel. Responsive Boost midsole includes plugs for throwback style",
    "title": "Adidas Running Shoes With Cooling Ventilations"
  },
  {
    "id": "19",
    "name": "UltraBoost Shoes",
    "category": "Women's Running",
    "imageUrl": [
      "https://d326fntlu7tb1e.cloudfront.net/uploads/51ee25c7-46b6-4fd4-bfe0-7dca9a9fd8a9-GX6326_a1.webp",
      "https://d326fntlu7tb1e.cloudfront.net/uploads/51ee25c7-46b6-4fd4-bfe0-7dca9a9fd8a9-GX6326_a1.webp"
    ],
    "sizes": [
      { "size": "6.0", "isSelected": false },
      { "size": "6.5", "isSelected": false },
      { "size": "7.0", "isSelected": false },
      { "size": "7.5", "isSelected": false },
      { "size": "8.0", "isSelected": false },
      { "size": "8.5", "isSelected": false },
      { "size": "9.0", "isSelected": false }
    ],
    "oldPrice": "1499.00",
    "price": "719.00",
    "description": "Put some pep in your step with the adidas Originals NMD R1.V2. The modern silhouette teams up with retro details to create a truly stand-out look. Your new favorite sneakers are right here. Regular fit shows off a streamlined silhouette Classic lace closure lets you adjust for your ideal fit.Textile upper provides a snug comfortable feel. Responsive Boost midsole includes plugs for throwback style",
    "title": "Adidas Running Shoes With Cooling Ventilations"
  }
]
